Person,YouthSubculture,FashionStyle,MusicGenre,Slang,Ritual,Activity,Event,Value,Media,Location,HistoricalPeriod,ExternalPerspective,InternalPerspective,PerspectiveInfluence,PerspectiveChange,Stereotype
Person_1,Goths,"Dark, Victorian",Gothic Rock,Goth,Goth Night,Listening to Music,Goth Festival,Individualism,Goth Magazine,London,1980s,Seen as dark and mysterious,Emphasize individual expression and aesthetics,Media portrayals of dark aesthetics,Shift from misunderstood to celebrated for its style,Depressed and brooding
Person_2,Punks,"Ripped, Leather",Punk Rock,Punk,Punk Concert,Attending Concerts,Punk Weekender,Rebellion,Punk Zine,New York,1970s,Seen as rebellious and anti-establishment,Pride in challenging norms,Cultural rebellion and anti-authoritarianism,From fringe to influential in mainstream fashion,Troublemakers and anti-social
Person_3,Skaters,"Casual, Baggy","Punk Rock, Hip-Hop",Skate,Skate Sessions,Skateboarding,Skate Competitions,Freedom and creativity,Skateboarding Magazines,California,1990s,Seen as laid-back and rebellious,Focus on skill and personal style,Influence of extreme sports culture,From niche hobby to mainstream sport,Risk-taking and anti-establishment
Person_4,Emo,"Dark, Skinny Jeans",Emo,Emo,Emo Nights,Listening to Emo Music,Emo Concerts,Emotional expression,Emo Blogs,Chicago,2000s,Seen as overly emotional and introverted,Focus on expressing deep emotions,Music and personal experiences,Evolving from niche to influential in alternative music,Melancholic and introverted
Person_5,Ravers,"Bright, Neon",Electronic Dance Music,Rave,Rave Parties,Dancing,Rave Festivals,Euphoria and community,Rave Videos,Berlin,1990s,Seen as hedonistic and wild,Emphasis on music and dance experience,Electronic music and drug culture,From underground to mainstream popularity,Party-goers and drug users
Person_6,Hipsters,"Vintage, Indie",Indie Rock,Hipster,Coffee Shop Hangs,Exploring New Trends,Art Exhibitions,Authenticity and uniqueness,Hipster Blogs,Brooklyn,2000s,Seen as trend-followers and elitist,Focus on being unique and non-mainstream,Urban culture and social media,From niche to influential in fashion and culture,Pretentious and overly concerned with trends
Person_7,Rockers,"Leather, Denim",Rock,Rocker,Rock Concerts,Playing Guitar,Rock Festivals,Passion and rebellion,Rock Magazines,Los Angeles,1960s-1980s,Seen as rebellious and energetic,Emphasis on musical talent and passion,Rock music history and legends,From rebellious youth culture to mainstream icons,Loud and rebellious
Person_8,Gamers,"Casual, Gaming Merchandise",Varies,Gamer,Gaming Sessions,Playing Video Games,Gaming Conventions,Skill and immersion,Gaming Magazines,Global,2000s-present,Seen as socially isolated,Focus on skill and game strategy,Gaming culture and technology,From niche hobby to mainstream entertainment,Introverted and obsessive
Person_9,Mods,"Sharp Suits, Scooter Culture","Soul, R&B",Mod,Scooter Rallies,Riding Scooters,Mod Rallies,Style and sophistication,Mod Magazines,London,1960s,Seen as stylish and sophisticated,Focus on appearance and music taste,British pop culture and music,From youth subculture to retro revival,Stylish but elitist
Person_10,Hip-Hop Culture,"Streetwear, Baggy Clothes",Hip-Hop,Hip-Hop,Freestyle Battles,"Breakdancing, Rapping",Hip-Hop Festivals,Creativity and self-expression,Hip-Hop Videos,New York,1970s-present,Seen as urban and expressive,Focus on lyrical skill and dance,Urban environment and social issues,From street culture to global influence,Street-smart and aggressive
