Person,Generation,Viewpoint,Attitude,YouthSubculture,FashionStyle,MusicGenre,Ritual,Value,Location,HistoricalPeriod,PerspectiveInfluence,Stereotype,PerspectiveShift
Person_1,The Silent Generation,InternalViewpoint,PositiveAttitude,Hippies,Colorful and eclectic clothing, including tie-dye shirts, bell-bottoms, and peace symbols. Accessories often include flower crowns, beards, and sandals,Psychedelic Rock, Folk, Classic Rock,Participating in music festivals, peace protests, communal living, engaging in spiritual practices,Peace, Love, Harmony, Environmentalism, Anti-materialism,San Francisco, New York,1960s,Social and political movements of the 1960s, including reaction against mainstream consumer culture and political climate,Idealistic, free-spirited, anti-establishment,From radical counterculture to a more widely accepted ethos of peace and environmentalism
Person_2,Baby Boomers,InternalViewpoint,PositiveAttitude,Mods,Sharp Suits, Scooter Culture,Soul, R&B,Rallies, widing scooters,Style and sophistication,London,1960s,Post-WWII British pop culture and music,Stylish, superficial, elitist,From youth subculture to retro revival
Person_3,Generation X,InternalViewpoint,PositiveAttitude,Skinheads,Close-cropped or shaven heads, practical and durable clothing such as Dr. Martens boots, braces, high-rise straight-leg jeans,Oi!, Ska, Reggae,Attending music events, dancehalls, engaging in street-level solidarity,Working-class pride, Solidarity,London,Late 1960s,Social and economic conditions of the late 1960s, including emergence from working-class and Mod influences,Tough, working-class, politically charged,From working-class solidarity to broader associations
Person_4,Millennials,InternalViewpoint,PositiveAttitude,Hip-Hop,Streetwear, Urban, Baggy Clothes,Hip-Hop,Breakdancing, Rapping, Freestyle Battles,Creativity and self-expression,New York,1970s-present,Urban environment and social issues,,From street culture to global influence
Person_5,Baby Boomers,InternalViewpoint,PositiveAttitude,Punks,Ripped, Leather,Punk Rock,Attending concerts, protesting, DIY activities, riots,Rebellion, Activism, DIY ethic, Anarchism,New York,1970s,Cultural rebellion and anti-authoritarianism, including political and social rebellion,Troublemakers, violent, anti-social,From fringe to influential in mainstream fashion
Person_6,Generation Z,InternalViewpoint,PositiveAttitude,Rockers,Leather, Denim,Rock,Rock Concerts, Playing instruments,Passion, Rebellion,Los Angeles,1960s-1980s,Rock music history and legends, including the evolution of classic rock and roll,Loud, wild, rebellious,From rebellious youth culture to mainstream icons
Person_7,The Silent Generation,InternalViewpoint,PositiveAttitude,Metalheads,Leather, Denim,Heavy Metal,Metal Concerts, Playing instruments,Rebellion,USA, UK,1970s-1980s,Rock music history and legends, including the rise of heavy metal in the 70s and 80s,Extreme, aggressive, unruly, extravagant,From rebellious youth culture to mainstream icons
Person_8,Generation Alpha,InternalViewpoint,PositiveAttitude,Goths,Black clothing, Dark make-up, Victorian,Gothic Rock, Post-Punk,Attending concerts, Alternative nightlife,Individualism,London,1980s,Post-punk era, media portrayals of dark aesthetics,Depressed, morose, detached, brooding,Shift from misunderstood to celebrated for its style
Person_9,Generation Z,InternalViewpoint,PositiveAttitude,Skaters,Casual, Baggy,Punk Rock, Hip-Hop,Skateboarding, Skate skills developing,Freedom, community-oriented, creativity, athletics,California,1990s,Influence of extreme sports culture, including the growth of skate culture,Risk-taking, troublemakers, anti-establishment,From niche hobby to mainstream sport
Person_10,Millennials,InternalViewpoint,PositiveAttitude,Emo,Dark, Skinny Jeans,Emo, Pop-Punk, Melodic Hardcore,Alt-music events, Attending concerts,Emotional expression,USA,1990s-2000s,Music and personal experiences, including emergence from post-hardcore and punk influences,Melancholic, introverted,Evolving from niche to influential in alternative music
Person_11,Generation X,ExternalViewpoint,NegativeAttitude,Ravers,Bright, Neon,Electronic Dance Music, Techno,Rave Parties, Dancing, attending festivals,,Berlin,1990s,Electronic music and drug culture, including the rise of electronic dance music and rave culture,,From underground to mainstream popularity
Person_12,Generation Alpha,ExternalViewpoint,NegativeAttitude,Gamers,Casual, Gaming Merchandise,Varies,Playing video games, gaming sessions, attending gaming or technology conventions,,Global,2000s-present,Gaming culture and technology, growth of online gaming and eSports,,From niche hobby to mainstream entertainment
Person_13,Generation Z,ExternalViewpoint,PositiveAttitude,Hipsters,Vintage, Indie, Artisan, Retro aesthetic,Indie Rock, Alternative,Coffee Shop Hangouts, Art Shows, Exploring Vintage Shops,Authenticity, Creativity, Individualism, Nostalgia,Brooklyn,2000s,Urban culture and social media, including the rise of indie culture and alternative lifestyle,,From niche to influential in fashion and culture
Person_14,Baby Boomers,ExternalViewpoint,NegativeAttitude,Normcore,Unremarkable, everyday clothing, often purposefully bland or nondescript,Varied, typically mainstream or non-specific,Everyday activities with a focus on blending in rather than standing out,,Global,Early 2010s,Reaction to fashion industry trends, including a deliberate embrace of ordinary aesthetics,,From a niche reaction to a recognized cultural statement
Person_15,Generation X,ExternalViewpoint,PositiveAttitude,Lumberjack,Flannel shirts, rugged jeans, and boots,Varied, often related to folk or indie genres,Engaging in outdoor activities, displaying a rugged, artisanal lifestyle,Authenticity, masculinity, and a connection to nature,Global,2010s,Urban-rural aesthetic blend, including a growing trend toward combining rugged and artisanal styles with mainstream fashion,,From niche trend to broader acceptance in lifestyle fashion
Person_16,Millennials,ExternalViewpoint,PositiveAttitude,E-Boys/E-Girls,Eclectic mix of 90s grunge, emo, and alternative fashion; dyed hair, piercings, dark clothing,Lo-fi, Emo Rap, Indie Pop,Socializing and creating content on platforms like TikTok, Instagram, and YouTube,Individuality, online identity, aesthetics,Global,Late 2010s,Social media trends and internet culture, including the rise of internet-based subcultures and aesthetics,,From internet subculture to a broader cultural influence
Person_17,Generation Z,ExternalViewpoint,PositiveAttitude,K-Pop Stans,Fashion inspired by K-Pop idols, including bold and colorful outfits, trendy accessories, and elaborate hairstyles,K-Pop (Korean Pop Music),Attending concerts, participating in fan clubs, streaming music, engaging in fan activities online,Dedication to K-Pop artists, appreciation for the genre’s music and choreography, community engagement,Global,2010s-2020s,K-Pop industry and global fan culture, including the rise of Korean pop music and international fan communities,,From niche interest to significant global cultural phenomenon
Person_18,Generation Alpha,ExternalViewpoint,NegativeAttitude,VSCO Girls,Comfortable, casual clothing like oversized t-shirts, scrunchies, and Hydro Flask water bottles,Indie Pop, Lo-fi Beats,Sharing content on Instagram and TikTok, promoting eco-friendly products, engaging in casual, laid-back lifestyles,,Global,Late 2010s,Social media trends and environmentalism, including the influence of the VSCO app and its aesthetic,,From social media trend to a broader lifestyle movement
Person_19,Generation X,ExternalViewpoint,PositiveAttitude,Eco-activists,Sustainable, Minimalist,Folk,Environmental protests, Activism,Sustainability,Global,2020s,Environmentalism and climate activism,,From fringe to mainstream consciousness
Person_20,Millennials,ExternalViewpoint,PositiveAttitude,E-Gamers,Casual, Comfortable,Lo-Fi, Indie, Rap,Competitive Gaming, Streaming,Creativity,Global,2020s,Gaming and social media trends,,From niche to mainstream eSports
Person_21,Generation X,ExternalViewpoint,NegativeAttitude,Grunge,Flannel, Distressed Denim,Grunge Rock,Alternative concerts, youth protests,,Seattle,1990s,Post-punk influences and mainstream culture,,From subculture to mainstream fashion
Person_22,Generation Z,InternalViewpoint,PositiveAttitude,Furries,Animal costumes,Varied,Attending conventions, creative role-playing,Creativity, Identity,Global,2000s,Online subcultures, internet communities,,From niche to growing internet presence
Person_23,Generation Alpha,ExternalViewpoint,NegativeAttitude,Streetwear,Casual, trendy clothing,Hip-Hop, Trap,Skateboarding, Graffiti, Social Media,,Tokyo,2010s-present,Influence of youth culture and fashion trends,,From niche to mainstream fashion
Person_24,Baby Boomers,InternalViewpoint,NegativeAttitude,Beatniks,Casual, Bohemian,Jazz, Blues,Poetry readings, Cafe gatherings,,New York,1950s-1960s,Rejection of conventional American values,Hippie stereotype,From misunderstood to accepted intellectual movement
Person_25,Generation X,ExternalViewpoint,PositiveAttitude,Cyberpunks,Tech-inspired, futuristic clothing,Techno, Electronic,Hacking, attending cyber-themed events,Innovation, Rebellion,Tokyo,1990s,Technological advancement and dystopian futures,,From underground to widely recognized tech-culture influence
Person_26,Generation Z,ExternalViewpoint,NegativeAttitude,Art Kids,Eclectic, artistic fashion,Indie, Alternative,Gallery visits, Art exhibitions,,Berlin,2010s-present,Influence of social media and contemporary art,,From niche to celebrated for creative expression
Person_27,Generation Alpha,ExternalViewpoint,PositiveAttitude,Kawaii,Cute, pastel-colored clothing,J-Pop, Anime Music,Attending Anime conventions, Cosplay,Innocence,Global,2000s-present,Japanese pop culture influence,,From niche to mainstream influence
Person_28,Baby Boomers,ExternalViewpoint,PositiveAttitude,Teddy Boys,Edwardian-style suits, Drape jackets,Rock and Roll,Attending rock and roll clubs,Style, Elegance,London,1950s,Post-war British youth culture,,From rebellion to fashion legacy
Person_29,Millennials,InternalViewpoint,NegativeAttitude,Goths,Black clothing, Dark makeup, Chains,Industrial, Gothic Rock,Attending concerts, Alternative nightlife,,Los Angeles,1990s,Alternative culture and dark aesthetics,,From fringe to broader acceptance
Person_30,Generation X,ExternalViewpoint,PositiveAttitude,Bodybuilders,Athletic, Sporty clothing,Varied,Attending fitness events, Competitions,Discipline, Health,Los Angeles,1980s,Growth of the fitness and bodybuilding industry,,From niche to mainstream fitness culture
Person_31,Millennials,ExternalViewpoint,PositiveAttitude,Y2K,Shiny, futuristic, tech-inspired clothing,Pop, Electronic,Social media, Fashion shows,Futurism, Optimism,Global,1990s-2000s,Influence of internet and futuristic fashion,,From niche fashion to retro revival
Person_32,Generation Alpha,InternalViewpoint,PositiveAttitude,Animé Fans,Cosplay, Anime-inspired clothing,Anime Music,Attending Anime conventions, Cosplay competitions,Imagination, Storytelling,Japan,2010s-present,Japanese pop culture and global fandoms,,From niche to mainstream anime culture
Person_33,Generation X,ExternalViewpoint,PositiveAttitude,Steampunks,Victorian, Industrial-inspired clothing,Electronic, Industrial,Steampunk conventions, Cosplay,Innovation, Creativity,Global,2000s-present,Historical and futuristic influences,,From niche to celebrated subculture
Person_34,Generation Z,InternalViewpoint,PositiveAttitude,Bloggers,Trendy, Casual,Varied,Creating content, blogging events,Creativity, Individualism,Global,2000s-present,Social media and blogging trends,,From niche to mainstream internet presence
Person_35,Generation X,ExternalViewpoint,PositiveAttitude,Gamers,Casual, Comfortable,Varied,Competitive gaming, Streaming,Teamwork,Global,2000s-present,eSports growth and online culture,,From niche to professional sport
Person_36,Generation Z,InternalViewpoint,PositiveAttitude,Trap Music Fans,Urban streetwear, Luxury brands,Trap, Hip-Hop,Concerts, Parties,Ambition, Hustle,Atlanta,2010s-present,Trap music rise and mainstream popularity,,From niche to global music influence
Person_37,Generation X,ExternalViewpoint,NegativeAttitude,Roller Disco,Retro-inspired, Colorful clothing,Disco, Funk,Roller skating events, Parties,,New York,1970s-1980s,Influence of 70s disco culture,,From niche to retro revival
Person_38,Millennials,InternalViewpoint,PositiveAttitude,Vloggers,Casual, On-trend,Varied,Creating video content, Social media engagement,Authenticity, Creativity,Global,2010s-present,YouTube and social media influencers,,From niche hobby to mainstream profession
Person_39,Generation Alpha,ExternalViewpoint,PositiveAttitude,Cottagecore,Pastel, Rural-inspired,Folk, Indie,Gardening, Baking, Crafts,Simplicity, Nature,Global,2020s,Social media and romanticized rural life,,From niche aesthetic to mainstream lifestyle
Person_40,Generation Z,ExternalViewpoint,PositiveAttitude,Dark Academia,Preppy, Vintage-inspired clothing,Classical music, Indie,Reading clubs, Literary gatherings,Knowledge, Intellectualism,Oxford,2010s-present,Influence of classical literature and academia,,From niche aesthetic to popular internet subculture
Person_41,Millennials,InternalViewpoint,NegativeAttitude,Fitness Enthusiasts,Athleisure, Sportswear,Varied,Gym sessions, Marathons,,Global,2010s-present,Fitness culture and body image trends,,From niche to mainstream wellness movement
Person_42,Baby Boomers,ExternalViewpoint,PositiveAttitude,Free Spirits,Bohemian, Loose clothing,Folk, Classic Rock,Music festivals, Communal living,Freedom, Nature,San Francisco,1960s-1970s,Counterculture and social movements,,From fringe to a lifestyle choice
Person_43,Generation Alpha,InternalViewpoint,PositiveAttitude,Dance Fans,Sporty, Dancewear,Pop, Hip-Hop,Dance battles, Competitions,Self-expression, Athleticism,Global,2000s-present,Social media dance trends,,From niche to viral dance culture
Person_44,Generation X,ExternalViewpoint,NegativeAttitude,Comic Book Fans,Casual, Superhero merchandise,Varied,Comic conventions, Cosplay,,New York,1990s-present,Rise of comic book movies and fandoms,,From niche to global entertainment culture
Person_45,Generation Z,InternalViewpoint,PositiveAttitude,Eco-Warriors,Sustainable, Minimalist,Folk, Indie,Environmental protests, Recycling drives,Sustainability, Activism,Global,2020s,Environmental movements and climate change,,From fringe to mainstream advocacy
Person_46,Millennials,ExternalViewpoint,NegativeAttitude,Boho-Chic,Bohemian, Eclectic,Folk, Indie,Music festivals, Craft fairs,,Global,2010s-present,Influence of 70s bohemian style,,From niche trend to mainstream fashion
Person_47,Generation Alpha,ExternalViewpoint,PositiveAttitude,Twitch Streamers,Casual, Comfortable,Varied,Live-streaming, Gaming events,Community, Creativity,Global,2020s-present,Growth of online content creation,,From niche to mainstream entertainment
Person_48,Generation Z,InternalViewpoint,PositiveAttitude,Anime Fans,Cosplay, Anime-themed clothing,Anime Music,Anime conventions, Cosplay events,Imagination, Storytelling,Japan,2010s-present,Japanese pop culture and anime fandoms,,From niche to global subculture
Person_49,Generation Alpha,ExternalViewpoint,PositiveAttitude,Eco-conscious Youth,Sustainable, Minimalist,Varied,Environmental activism, Social media campaigns,Sustainability, Activism,Global,2020s,Climate change and youth activism,,From niche to global awareness
Person_50,Baby Boomers,ExternalViewpoint,PositiveAttitude,Folk Enthusiasts,Casual, Earth-tones,Folk, Americana,Music festivals, Communal living,Tradition, Simplicity,Woodstock,1960s-1970s,Counterculture movements and folk music revival,,From niche to influential musical movement,,,,,,,,,,,,,,